feature1,feature2
1383,39.4
2272,34.2
2444,34.1
2934,31.3
1695,44.1
1198,55.8
964,64.6
2194,38.8
3677,34.5
2046,34.9
2491,34.7
1930,42.2
2409,33.4
4045,36.7
1532,75
1776,28.6
3937,33.3
2799,32.5
3092,43.1
3769,45.2
2274,40.3
1687,44.8
1511,47.6
1457,68.3
3662,57.3
396,70
3656,44.2
1657,35.5
4009,56.7
2650,50.4
2271,56.5
3149,47.3
3505,52.7
4771,61.2
2483,56.8
2540,61.6
1184,71.7
4097,50.7
1639,63.5
5038,54.2
1954,58.7
3312,37.6
3503,37
2416,35
2108,34.7
1499,39.8
2712,32.8
2492,45.8
3756,54
2539,33.8
2571,35.1
5627,45.1
3386,40.5
1521,45.1
3338,44.6
4146,35.6
3521,30.2
1623,39.5
3114,41.7
1303,47.2
1341,32.4
3513,36.8
2889,44.7
741,31.1
1745,40.4
3440,64.5
5415,37.3
2813,42.5
1564,46
2364,45.3
3588,50.1
1592,53.4
2978,45.9
2491,45.4
1713,36.9
2449,33.5
2508,40.1
5395,37.6
1603,39.3
4065,39.1
3934,51
2583,47.6
2558,57.9
3903,35.8
1563,22.6
1937,55.7
1171,50.7
3651,40.4
593,44.8
1644,35.9
3046,38.4
638,55.1
1961,42.7
2358,44.6
2063,42.4
1396,39.2
2910,38.2
1574,48
2312,37
2093,46.4
1055,41.3
4081,40.6
622,53.9
3303,32
365,70.7
1142,65.6
1114,70.7
841,74.3
3381,42.2
1465,60.9
2042,64.6
1085,66.4
2011,33.4
2752,26.3
3248,30.5
3927,47.4
6040,36
1693,54.6
2081,50.2
1148,54.7
947,58.2
2932,48.6
1649,53.2
1826,73
6205,42.2
1289,61.8
1814,30.4
1386,51.7
100,39.7
2833,57.9
3360,33.2
1711,40.5
1739,63.8
1664,36.4
2629,47.9
483,68.6
1237,46.9
2198,36
962,37.2
1349,34.6
1717,31.8
1679,36
2613,30.5
3108,32
1044,34.9
3717,30.1
2106,38.2
2297,36.6
3958,39.5
3457,36.1
4641,32.9
2086,36.5
2416,40.2
5279,38.8
3450,44.7
3841,34.4
9872,35.2
2967,42.7
2535,37.8
2682,31.6
1680,39.7
2061,27.7
4508,33.5
2348,40.4
2954,28.2
3214,31.3
1724,45.6
2169,43.4
2690,34.8
2079,34.7
2111,38.3
1617,47.1
2392,38.8
3097,35.3
2074,36.7
1637,37.4
2864,34.9
1100,37.8
3499,43.4
1256,30.8
1213,47.2
2314,44.6
3072,37.7
4628,39.2
2728,29.9
3046,45.2
3183,23.5
2215,45.7
2244,26.7
1547,41.7
1168,39.8
1702,43
1152,47.9
847,49.6
2834,26.1
9632,19.8
4666,41.7
6921,33.5
2651,38.6
3934,27.7
3303,40.5
2616,42.7
3453,45.4
2692,46.8
2814,45.3
3702,34
1878,41.3
1937,50.6
3225,41.3
4803,36.2
12639,33.8
4545,29
14028,34.1
1106,47.8
3940,51.5
553,45.1
15323,38.7
4134,39
4871,35.6
5582,40.4
1630,38.3
2413,37.9
3613,34.2
3976,36
2489,32.2
1460,74.3
823,76.5
1035,71.2
1555,73.3
1181,73.1
823,36.1
796,74.4
917,73.1
510,73.2
1526,54.9
3857,37.8
3038,41.4
1989,58.7
1182,35.6
2128,37.2
1128,40.4
2020,33.2
1318,40.8
2313,49.1
7008,37.7
1715,38.5
1246,55.2
1813,49.7
2063,42.4
2481,44.8
1331,53.1
1835,60.3
1524,55.8
2133,34.5
2568,45.8
2360,48.3
1909,57.2
5275,66.8
813,47
6696,47.7
3505,44.6
4671,50.6
2648,67.1
2222,69.1
3513,39.3
3524,46.6
2033,56.9
1019,34.3
6190,38.5
3243,45.2
2466,54
1838,49.9
2346,70.2
1827,43.9
2876,72.3
2238,54.2
1013,58.2
2330,43.9
3351,46
2608,51.4
1259,69.8
498,70.2
969,73
2260,41.8
3457,51.2
2202,34.8
1681,42.6
3458,42.2
4164,45.4
2621,69.2
2825,50.8
2012,64.3
2813,41.8
3154,47.9
4570,48.4
4453,39.6
2807,39.9
2407,38.7
4134,34.7
2885,34.8
3436,31.8
2909,34.9
3217,37.3
1788,34.7
1312,41.7
3271,39.9
2162,56.8
3430,44.5
2986,46.1
2573,46.1
3183,41.2
357,32.4
1135,39.6
2386,41.6
2675,42.9
2761,61.7
4922,49.7
1187,71.5
1730,50.9
2837,33
1423,32.5
2023,29
4196,47.9
3212,58.6
1841,52.3
2361,63.9
2292,30.1
544,71.1
1252,67.5
2444,36.2
1250,41.4
735,58.7
3095,50.6
3337,40.7
1968,55.7
3770,45.7
1512,54.5
1471,46.1
3261,59.7
2346,31.5
5611,44.9
2224,51.5
1453,35.4
1225,22.6
1980,42.5
2310,31.2
2632,30.9
2344,35.4
3065,29.9
1746,58.4
1407,55.8
2192,47.5
2293,48.5
1634,52.5
1503,51.2
1244,59.9
1623,64.8
2870,35.5
3702,30.2
1783,37.3
2692,37
2130,41.1
1073,48.2
1589,22
1513,49.3
2185,45.6
1011,43
2765,38.9
1638,35.1
1099,40.9
716,55
1685,46.9
4048,43.5
4504,38.5
642,47.4
1312,49.1
2783,31.3
3046,44.4
753,34.9
1727,42.2
2239,38.4
1848,30.7
3628,40.4
2478,38.1
2719,45.5
1625,44.1
528,35.4
1777,37.3
8316,38.4
10565,38.6
2575,38.6
3238,40.9
2552,38.6
1764,39.4
1733,48.9
1312,42.6
2003,41.2
781,37
1399,34.3
1363,34.3
635,41.3
1561,47.8
1448,34.8
698,37.3
1886,33.5
1704,34.3
2443,43.8
2284,34.9
1814,52.6
2062,41
3522,37.1
2258,44.2
3332,47.6
1901,35
2369,34.4
3226,33.2
1889,34
2722,31.2
2419,36.2
2351,39.3
2751,36.3
2302,32.4
3094,33.6
2260,37.3
2733,36
2538,32.1
2317,37.7
2315,38.8
2933,42.7
2170,50.8
2976,49.4
3330,49
2748,42.6
2836,45.7
3074,31.5
51,40.5
4410,43.5
5882,50.9
2095,44.1
2041,41.1
2196,43.7
3069,48.2
2181,49.5
3697,53
5709,50.5
1695,47.4
2780,42.6
1001,48.4
3185,50.7
1121,51
1020,48.3
2591,49.8
2507,67.4
645,57
1259,63.8
2598,61.1
1214,50
1095,40.9
1943,36.5
2537,38.4
2624,32.8
2733,48.7
3168,36.1
3742,36.1
1607,34.9
1899,41.9
2629,34.6
3168,46.3
2253,46.2
722,45.3
1856,36.2
3647,44.8
2205,41
1113,40.3
3080,50
1390,35.4
2721,49.2
3461,39.5
2864,54.8
1919,49.7
3832,43.6
1360,50.8
2247,46.7
4268,52.3
7768,49.6
7195,32.6
1918,44
2194,39.6
2278,46.4
2779,40
3612,50.5
1421,60.9
3823,39
3697,32.6
1554,70.6
1121,59
1022,38.7
2258,64.3
1062,19.3
2404,37.7
2429,40.2
2165,48.9
2315,45.7
1280,65.3
2016,44.1
1559,43.8
1898,64.8
1991,64.9
1497,40.2
2143,36.1
2780,41.4
1569,52.4
1716,55.1
1462,48.4
2490,38.2
1808,44.2
687,48.4
2259,38.7
967,54.9
1793,41.7
3665,31.2
938,57.3
4807,41.7
4253,32.6
966,36.9
3649,36.9
1618,29.9
1695,39.7
1627,54.6
3002,36.2
3223,35.4
814,25
3930,42.5
792,44.1
2540,39
1842,44.8
2966,36.5
1791,46.4
1808,40.3
486,74
448,68.3
1668,46.1
556,71.5
1498,36.9
1442,47.1
5115,37.4
1369,54.1
1239,35.5
1667,35.2
2814,26.9
2429,32.6
3528,36
5507,39.3
2972,40.4
3221,41
1208,74.1
3958,70.2
4134,34.8
3619,30.7
1776,37.7
2242,39.4
1552,32.3
1867,45.6
1123,52
3099,29.5
1066,36.4
1650,53.4
2526,37.9
4454,43.6
3232,31.7
3170,41.1
3237,46.9
1389,20.2
3014,45.5
3480,45.7
3913,35.8
4764,44.8
3353,45.5
2695,40.8
3067,36.3
6164,35.7
1615,46.4
2019,61.3
3797,26.4
2398,32.4
1517,56.4
1194,64.3
3148,32.8
2398,37.4
2841,34.3
3398,36.4
2562,44
4704,32.1
1743,40.1
3217,37.2
2386,39.2
1598,31.6
3264,27.7
4006,45.3
2051,44.8
1984,34.1
2753,39.9
2066,54.4
2449,38.3
1811,47.7
3322,41.2
4694,44.8
1239,43.1
1394,47.5
3394,39.2
2974,45.6
2409,40.9
1907,46.9
2439,31.4
3082,47.2
3804,40.2
4336,45.2
7641,36.1
2525,40.3
4980,28
3275,43
3394,36.5
3152,46
3048,47.3
1862,37.1
2722,37
3618,32.6
1240,35.2
1192,35.4
3005,32.7
1825,21.9
2661,32.2
1251,37
875,38.5
1715,42.2
2915,56.6
1817,31
2799,32.7
2260,25.2
2821,34
1570,37.5
1258,34.2
1884,32.2
1919,29.2
2232,32
1577,44.6
2832,37.3
893,33.5
2684,37.1
2028,49.8
1678,40.4
1117,41.2
1904,39.3
579,36.3
1057,35.7
590,60.6
2975,46.5
2800,45.4
1175,42.5
1383,39.9
1218,40.7
1027,32.8
1870,42.1
2229,36.8
2949,24.2
3314,43.8
3514,31.6
2875,39.1
2449,42.1
4080,56.6
4247,43.4
7014,39.5
3213,49
1834,33.7
4168,36.4
4986,61.3
2555,50.2
2094,38.6
813,40.8
1141,34.9
1143,34.7
921,35.8
1910,42.6
2415,34.3
1342,38.7
2485,37.1
1694,57.7
1535,44.9
3391,35.3
1195,51
2381,35.9
2172,43.5
3933,37.5
4494,36.7
3836,43.5
1693,41
996,36.4
5111,31
1618,43.5
819,36.9
1320,25.2
2590,30.9
468,31.9
2095,42.3
2964,40.6
2217,39.6
1585,20.4
2055,45.1
3028,36.7
1906,39.9
1415,36.3
1700,32.6
1256,35.9
1402,39.1
1256,52.4
675,62.1
609,48.9
1160,55.7
1203,48.8
922,64.8
1789,53.7
1345,54.6
964,41.7
1079,50.8
1346,42.2
1127,52.7
1298,36
999,57.9
1477,40.2
1377,34.9
755,45.7
2013,45.9
919,58.7
1127,44.5
1451,47.5
1520,42
1630,41.8
1445,44.3
2550,36.7
1271,49
2841,55.2
1496,37.1
1660,40.6
1110,67
1225,59.2
2667,46.5
1423,52.5
1949,49.6
2909,53.8
3022,42.7
5598,44.2
6046,47.2
2168,50
2742,46.4
1858,61.7
1413,64.9
751,61.5
1270,46.5
718,67.3
3402,45.9
786,36.4
447,46.5
3454,30.2
1609,31
1358,73.8
1775,57.2
2009,62.6
828,44.9
3455,66.1
2915,20.7
4134,33.8
1417,58.8
825,63.1
1125,54.8
935,39.6
2000,31.1
4141,27.3
2432,37.6
3930,32.5
1119,39
1771,37.5
1890,30.3
3236,30.1
865,51.6
2442,49.3
962,29.4
3543,46.6
6183,45.9
2404,50.6
3035,57
3561,54
1174,71.2
2282,61
742,57.5
1260,51.8
1736,49.3
510,38.2
5049,39.3
3151,32.9
2009,40.9
4278,32.4
4614,46.5
7198,34.7
2387,36.4
7908,34.4
4609,37.6
748,49.9
2288,45.2
2341,32
1803,44.8
1688,41.2
1169,58.2
1366,57.7
1277,56.2
2625,42
2240,49.5
1261,46.6
3183,38.6
1567,28.7
3029,35.7
1190,41.8
2981,42.8
1248,70.1
1313,63.8
1120,73.7
1137,72.4
2358,73
3983,37.8
2038,77.1
1648,67.4
2248,42.6
2295,39.6
557,77.7
5163,34.9
2080,69.5
1750,73.1
2230,72.9
408,70.7
909,73.5
1839,37.8
1607,48.9
1250,56
3140,49
3341,33.7
3443,38.8
3266,65.4
2825,26
5467,32.8
2226,35.3
2603,42.4
1772,53.3
1902,35.6
3109,44.2
1894,35.5
1861,39.3
1720,37.7
1755,44.2
2154,59.3
1530,53.9
3347,42
1627,50.9
3379,49.1
3168,67.2
2873,64.3
1798,65.3
2996,44.2
2037,47.7
9177,36.1
4307,37.8
9392,34.9
1635,34.1
2192,34
4006,46.2
7409,35.5
6197,45.1
2199,43
3422,40.9
1878,49.6
1013,43.8
3912,37.2
166,56.4
656,54.3
590,69.9
718,61.6
1110,75.4
811,73.9
891,35.7
2384,40.3
2141,37.4
2271,51.8
1276,48.3
2150,48.8
1116,53.1
1531,53.5
467,66
1579,63.5
871,55.3
854,57.6
1407,58.7
802,52.4
1234,55.5
2456,47.6
1344,50.1
1204,56.3
1518,53.1
1192,69.6
1603,69.8
1569,54.1
1525,48.2
1348,49
2387,40.4
945,42
1935,45.6
2150,50.3
781,44.2
771,48.9
4164,35
2540,45.9
1192,35.7
1353,62.3
1653,41.7
3402,43.1
1488,50.1
1129,52.4
2438,37.1
2304,19.4
1347,45.2
2574,33.7
4510,39.1
586,22.6
2259,33.2
1702,32.2
1351,30.2
2089,39.5
5377,33.3
2814,34
2137,33.3
1336,29.2
1263,47.7
2661,42.7
2324,30.1
2961,35.4
4259,38.6
2948,35.4
921,50
3252,37.3
3626,26.6
2921,29.9
1886,30.7
2401,30.6
1793,44.7
977,43.7
1281,50.3
2423,29.9
1698,32.7
2424,37.1
697,55.3
1730,60.2
774,67.3
2123,31.8
1515,47.9
1057,69.5
923,36.6
2133,35.5
1311,62.4
1751,38.6
2227,50.5
2650,43.5
3271,59.4
4556,50.8
3715,47.6
2441,53.1
4372,30.8
1910,45.7
2437,42.9
1272,63.9
2902,35.3
1844,39.8
1679,27.3
1689,39.3
2567,35.4
2172,34.9
1108,38.6
2854,38.5
4011,37
3558,39.4
2210,35.2
1520,58.5
1296,57
2125,35.7
1346,41.4
2139,38.6
2204,47.5
2361,37.8
10247,39
2335,45.8
2971,41.6
2349,35.2
4005,33.8
1892,41.6
3355,36.8
1443,53.7
1192,54.3
2742,40.7
1387,39.7
1269,41.8
2854,47.5
1116,57.3
1294,61.9
1458,41.7
3208,28.8
1495,35.3
3424,35
1208,46.2
902,52.5
2024,40.5
586,51
1480,39
466,67
2498,34.1
1756,53.6
3444,37.6
2296,40.5
2250,35.4
1568,47.9
1812,45.3
1449,41.4
2462,49.4
2500,48.7
3731,47.8
2795,49.9
3457,39.5
1604,48.7
1093,49.6
2337,44.9
1817,49.8
2179,34.8
1542,35.8
1269,37.3
2392,50.6
2551,38.3
1740,40
1173,42.1
1156,39
2956,43.9
1847,50.5
2047,55.6
3066,51
2129,33
1525,35.4
3261,31
3218,43.1
2332,39.8
3574,43
1343,39.4
2436,39
2273,41.8
5312,37.6
2003,36.3
1334,38.2
1502,27.5
1437,32.3
1671,36.1
3053,40.3
495,36.6
966,28.4
3869,33.2
1494,67.3
1625,67.7
1329,68.5
1955,67.8
936,65.1
1015,63.5
2331,62
2590,65.2
2867,65.9
3294,62.7
2169,57.9
1822,49.9
2393,50.2
2947,54.3
4898,62.3
4094,44.4
3258,54.1
1955,57.1
2173,55.9
2322,60.4
3962,66.9
3972,53.6
2226,53.5
1347,57.1
1166,59.4
2693,55.4
1135,44.3
2772,53.9
1499,33
1314,34.6
3705,37.8
1375,39.1
1943,46.8
932,36
5159,50.7
1666,49.2
859,51.8
2045,53.3
1867,71.9
2653,46.1
2776,41.5
6019,45.4
1756,51.1
5182,52.7
2216,41.8
1156,53.8
965,62
1286,47.4
1971,42.2
817,78.7
1322,72.6
926,65.8
753,66.5
657,61.7
1134,60.9
3650,39.1
5665,34.3
1133,65
768,71.1
1616,65.6
1851,61.5
1341,72.3
376,67.9
806,72.4
1164,58.2
1719,50.6
1465,61.8
920,56.8
1297,56.9
1072,61.5
1112,65.6
1239,57.1
1944,58.9
2234,50.6
2605,64.4
3194,47.3
2395,39.6
1461,58
1667,50.3
1937,41
2252,37.5
4389,50.4
6421,50.1
3184,50.5
2736,49.7
4276,46.9
1219,50.4
2394,41
1869,39.5
1645,74.1
2113,47.1
2203,59.9
1518,50.7
1068,49
2110,45.2
2101,39.4
297,59.5
636,36.9
2584,40.4
3404,32.6
1557,41.6
2579,48.5
1248,63.9
2492,46.1
3348,45.1
4100,45.3
3465,44.2
2663,43.2
2693,52.7
2163,39.9
3351,46.7
2289,42.2
2301,39.9
3833,50
1289,38.1
3167,47.1
999,53.4
4139,34.8
2794,43.7
2454,40.3
2371,40.5
3973,37
1504,42.2
2113,41.7
3477,47.5
3400,49.6
2231,41.4
5212,35.1
840,66.6
2473,34.2
4369,38.4
2730,37.7
3305,40.2
2498,40.6
3707,35.7
2029,34.5
986,20.7
911,34.8
1000,20.4
2395,29
2135,28
1624,48
2039,34.9
2716,38.6
1440,22.5
1012,22.1
1536,53.5
3357,48.6
1850,19.1
2682,29.2
1041,38.9
653,38
1131,44.3
2015,26.4
3855,42.6
2549,44.5
2311,40.5
2880,39.2
836,55.7
1749,44.3
1448,45.5
1106,53.6
1509,39.5
3154,40.8
3426,41.8
1671,40.3
2437,38.5
3298,39.7
3378,34
3090,30.5
1449,42.3
1415,37.9
1182,39.5
2869,48.2
2297,49.2
2041,52.2
2067,45.5
1601,43.3
1693,50.2
1599,48.8
2939,41.4
2145,51.2
2859,40.6
3026,37.1
2919,40
2675,43.9
3131,46.2
4435,33.3
2944,34.6
2543,44.4
2779,43.1
2877,34.1
1134,52.1
704,55.8
1876,51.9
3646,45.1
3622,34.6
575,41.8
2924,41.1
2841,43.1
2153,44.4
2352,31.7
2061,41
1088,56.6
3069,39.5
708,44
3908,41.9
2788,60.3
1899,69
1719,64.2
2141,55.2
3530,41.3
6730,45.9
5125,42.5
2779,53.9
1917,60.2
3109,66.3
3989,32.1
2393,42.9
558,51.2
4066,38.5
1799,40.5
1086,48.2
3039,40.2
2078,45.7
1770,40.1
1381,52.8
1066,51.2
774,53.3
731,35.8
1081,46
2606,20.8
2207,30.6
1668,37.5
788,38.8
1519,43.7
1714,61.1
2194,31
705,50.1
1700,53.2
1359,54.3
2508,29.6
819,67.2
1762,56.8
3883,43
3309,50.5
3664,40.6
3599,41
4842,40.2
2175,64.7
4368,42
5072,39.2
1806,38.3
889,58.4
4338,34.6
2255,40.1
2636,31.1
1137,38.5
3320,33.9
1918,41.7
3300,39.2
2250,53.2
1202,43.7
2367,30.7
2223,29.2
2919,34
3996,30.4
1306,22.3
4023,36.4
1534,41.8
3131,45.1
2700,48.5
2318,43.4
1922,44.1
1534,32.4
1406,34
997,45.4
5058,41.2
2002,45.1
2982,50.6
1419,48.7
1724,44
1095,47.9
3807,39.6
2377,59.7
1821,43.8
2121,36.3
2153,28.6
1904,65.3
4142,57.1
1892,71.4
1244,72.7
3602,48.1
1939,40.7
2170,39.9
2192,71.5
1730,51.9
5111,52.9
775,57.3
2713,45
2064,50.9
1622,48.8
903,60.9
2896,59.9
1775,47.5
1951,54.1
1438,52
815,46.8
3098,56.7
3383,41.6
2506,40
4009,38.6
2700,60.8
2290,41.1
1091,72
1535,42.4
1126,48.3
2840,44.1
2144,53
2278,44.4
1876,47.6
2533,45.1
1738,68.9
1893,54.8
3345,37.2
875,59
2015,28.4
1983,36.2
1992,40.1
1099,57.7
1320,52.3
1014,59.4
1443,58
2076,60.8
2039,53.7
174,29.1
4077,34
2610,42.1
2338,44.3
1524,47.1
2474,39.6
2210,51.3
4028,44.9
2668,45.4
3085,45
2620,47.2
5067,46.1
7822,38.8
3781,38.8
2808,43.2
2932,42.8
1972,39.5
1302,44.4
1367,37
1586,48.7
3171,37.3
2841,38.5
2513,40.2
1894,49.6
2356,47.6
3165,35.3
1960,38.8
2127,35
2983,42.6
4039,53.4
4018,52.8
2159,34.2
3917,41.3
1947,50.9
3220,44.9
1825,52.5
2188,44.6
3939,45.9
2389,44.7
2562,52.5
2478,43.6
1357,47.5
3566,43.1
1794,38.4
1952,38.3
2170,44.8
978,69.2
1225,41.4
1970,32.7
5022,39.4
3591,47
3209,40.6
1517,46.9
2463,41
1383,28.2
1289,40.6
1262,31.6
607,43.7
4568,35.7
2188,33.8
2493,34
4351,47.8
2311,49.5
1884,41.4
2431,44.7
2408,39.3
2846,40.1
2853,33.5
0,11.9
1248,40.7
1206,61.7
711,59.9
1629,68.2
1064,55.7
2153,68.3
2029,60.7
2238,55.5
3105,57
2065,55.6
3769,43.8
3475,35.6
2251,42.9
3209,40.9
4549,41.6
5801,34.5
2362,44.3
1469,40.2
2502,39.6
1825,36.5
2455,33.8
4299,39.7
2083,45.4
4094,38.9
3343,45.5
2861,39.6
1732,37.5
2617,43.7
2131,41.3
2732,42.4
3910,38.3
2395,45.8
1985,52.6
3682,41.6
1771,51.2
1979,52.4
826,61.7
748,44.8
4852,42
3063,49.2
2190,43.5
2134,29.8
3125,48.5
2299,37.9
1203,55.1
1324,67.2
1957,61.7
2457,59.8
2191,37.7
2985,66.2
1958,35
3017,57.6
2016,35.2
2268,39.9
667,44.9
3269,42.3
2053,22.2
2674,47.1
2387,40
1643,44.8
2207,48.2
2343,46.2
1354,34.1
3229,32.8
1943,35.2
1845,49.9
1519,33.3
694,38.8
2319,49.2
1390,34.7
3070,36.8
2298,28.1
2603,45
2084,47.7
837,40.1
2615,38.6
1092,44.3
2901,22.7
3745,39.6
1874,41.6
1084,39.9
1482,41.3
2404,40.4
398,46.4
2601,25.6
767,26.9
3471,39
1108,61.9
4900,36.4
8320,38
2642,43.9
6319,35.1
9328,34.9
10139,35.8
1667,28.8
2967,31.6
1335,41.5
3727,41.2
5370,33.3
2295,47.8
1853,46.8
2274,39.2
2464,47.1
1613,45.4
2346,39.9
3649,38.5
2045,40.9
2423,47.5
1812,37.7
2069,43.1
1232,66
1195,63.4
2433,53.9
1973,36.3
1441,58.1
957,55.4
2111,50
1390,42.8
2051,35.1
2046,37.3
1706,75.9
6457,41.1
1768,39.3
18429,71.6
1698,67.2
309,40
9340,68.3
1013,47.4
4742,72.1
2296,75.1
1353,48
2071,47.1
993,46.5
2983,48.3
3047,30
5151,27.3
2851,40.6
8602,35.7
16624,34.4
1665,46.9
2519,30.1
7764,37.6
3469,44.7
1650,40.7
2397,36.7
2682,50.4
4555,41.8
1872,44.6
1149,39.2
2404,45.8
2273,30.3
1187,31.4
2051,58.6
2026,43.8
2334,38.9
2027,46.2
1805,43.3
2843,52.1
1938,55.9
1337,51.8
12078,34.4
6189,39.2
1885,32.9
1913,38.2
1662,36.8
6079,37.5
1217,43.3
2260,38.1
3150,34.2
1769,36.1
1462,35.4
3061,33.7
1742,46.7
1530,58.6
2703,33
2020,30.8
1454,55
3449,39.3
2815,41.3
2795,29.9
5610,31.4
4044,40.6
2499,37.8
1468,34.1
2786,30.2
1114,44.1
1214,42.8
900,57.9
2354,39.8
3040,47.2
2882,32.9
1622,37.2
2153,28.9
2066,38.7
5223,38.4
2633,44.9
969,48.1
1597,40.5
2114,41.2
3642,30.6
3370,43.7
4654,31.2
925,32.6
3832,50.7
8712,32.9
1412,47
1406,37.9
3196,32.1
3939,32.8
2621,40.2
3726,30
2158,41.2
5204,37.6
2551,42.5
4643,28.6
4141,33.1
4186,28.4
5046,28.5
3182,39.1
4832,33.4
2058,31.8
2813,31.5
4957,30.2
4238,32.7
2989,30.1
5281,35.3
3431,36.9
3194,36.4
1538,46.1
2930,40
2012,45.7
3277,50.8
1909,40.8
6051,35.7
4166,37.6
1788,38.2
3007,35.3
3087,35.1
1064,37.1
2216,44.8
4637,38.7
1939,59.5
1868,47.5
1472,67.9
1157,68.1
2288,70.2
3630,60.7
2540,57.7
983,72.1
3603,55
2841,45.6
2690,46.2
3176,44.4
2906,64.3
1775,59.2
1420,66.9
1280,60.9
1360,51.7
2088,42.9
2032,55.3
3109,35.7
2553,44.8
1785,44.6
2046,40
2137,55.8
3150,40.4
2615,47.7
419,57.4
4034,36.6
2776,44.4
3638,34.9
2895,36.4
1914,32.7
2104,41.1
2567,29.3
3839,45
1629,49.2
3922,41.1
1230,66.2
2357,41.5
947,72.2
3730,33.2
4006,35.4
3838,34
3246,46.1
2580,72.7
790,74.2
789,70.3
3627,43.1
1397,68.5
3436,44.2
6635,38
2175,63.9
2131,44.8
3123,52.8
4441,54.8
3058,59.8
1196,61
3020,47.2
4771,47.8
3577,38.6
4610,40.3
2851,29
5007,37.4
2761,50.3
4370,39.7
1745,43.4
1224,71
1374,69.7
1934,38.4
2549,45.5
2541,40.1
3520,53.7
4241,40.9
5380,41.5
4934,51.7
2789,38.8
3951,43
2382,41.4
882,60.7
11430,32.9
11140,51.8
6514,58.6
3568,40.9
7767,38.1
4288,42.2
7139,36.8
2982,62.8
3087,36.4
730,39
1471,31.2
480,62.7
1378,68
1012,60.9
2228,61.2
1234,31
972,41.5
1841,34.9
1248,61.8
3433,34.3
4300,36.6
2165,40.4
1404,47
3529,39.3
3145,41.3
2377,33.8
2996,36.7
2747,45.2
2317,46
699,38.6
2951,39.5
2443,61.4
951,54.9
1588,44.8
1520,30.2
3072,43.5
1606,40.3
2588,33.2
1293,47.1
1639,34.8
1280,41.4
1638,59.5
1385,48.1
1981,44.7
1517,51.1
2463,52.7
775,71.3
682,76.6
661,52
730,69.7
344,73
3072,34
1809,32.4
1879,36.8
432,70.8
3157,33.9
780,68.8
556,60.2
1705,63.9
1256,53.7
915,69.6
1587,48.4
2205,36.2
3394,38.2
2354,30.6
2548,39.3
2778,45.2
1846,46.1
2639,34.9
2415,43.3
733,65.9
3593,32.3
1325,52.2
2034,60.6
2480,62.1
2916,49.1
689,61.2
3172,34.8
1428,35.2
667,60.7
2729,67.5
1970,46.8
2528,35.9
2967,43.4
2117,28.7
893,56.5
1602,41.2
1582,52.4
2019,69.2
2659,62.2
2128,42
2215,51.3
1265,48.8
1608,53.2
4267,44.3
1770,50.5
3065,47.1
2827,46.1
3004,46.4
2742,43.9
1207,58.6
2769,64.1
3256,50
2753,50.2
1356,51.7
2704,35.4
2804,32.2
2570,40.9
1230,55.1
1612,54
1823,60.9
2087,55.4
2260,58.2
5346,42.3
1222,30.5
1157,30.3
1915,32.4
2421,31.2
2836,30.4
3315,38.6
2190,33
563,27.9
3322,28
1959,34.8
1840,45.2
1496,40.2
2732,43.6
2252,42.2
1757,53.4
4849,41.3
2108,46.5
1118,42.2
2405,37.3
1932,41.8
1830,45.1
802,45.3
2380,35.1
3422,33.8
2263,31.6
537,32.8
670,40.5
2583,37.2
1462,32.6
804,64.2
1793,42.5
3338,36
1805,44.6
1309,42.8
2673,44.6
656,37.5
2110,40.6
3100,30.1
8174,34
2523,39.8
950,44.7
3697,36.2
2019,31.6
4041,32.7
3266,43.9
1830,33.1
4830,37.1
3249,39.5
2720,40.6
3899,40.1
2728,42.5
6018,30.8
2867,34.8
1896,46.2
2120,41.4
2798,43.5
3479,36.8
2376,38.6
2044,48
2243,47.8
1830,44.8
4077,34.3
4269,33.2
1524,58.4
1824,67.6
2830,34.9
1878,46.6
1050,39.9
1942,32.4
1012,45.2
1136,41.8
1640,46.4
1130,57.9
1150,55.4
1079,52.3
2981,50.4
901,47.9
791,60.9
2283,39.7
2019,40.6
1060,57.7
2786,39.1
2186,42.7
4560,34.9
7815,36.5
2545,44
3025,43.3
5080,37.5
3285,44
1377,42.6
2677,44.3
1019,43.9
2661,40.5
4522,43
3189,42.3
2627,38
2100,34.9
1656,35.3
2647,42.2
1545,41.5
1080,43.2
3236,44.1
3953,39
2501,43.9
2245,44.3
3587,42.1
1582,34.7
654,33.9
739,55.6
3584,34.5
1679,36
5168,33.4
958,41.8
2202,42.8
1328,36.2
1271,35.5
802,42.2
1837,45
2143,34.7
3107,36.1
1201,41.3
3245,41.7
4425,36.3
3152,32.4
2446,42.5
2065,36.8
2395,43.6
2733,41.2
1394,40.6
996,58.6
1020,53.3
2246,32.8
1728,41.9
2061,43.7
1520,39.3
5757,38.2
585,56.9
2002,36.6
1945,35.2
3947,32.6
1865,29.1
3643,34.5
3289,37.6
1528,38.2
2098,35.6
4002,36.2
1985,34.3
4117,41.2
3017,34.7
2326,41.4
5276,34.7
4494,36.2
1540,32.3
835,42.8
3078,38.7
3185,42
1518,60.2
998,43.3
1686,51.8
732,40.6
3630,33.4
1478,43.3
1169,50.2
1395,42.5
2163,56.2
1423,50.8
286,56.1
4849,31.2
2558,46.2
2692,43.8
2330,54.2
3746,40.3
2804,37.7
3692,38.5
3108,39.6
1969,45.1
1861,38.3
3242,36.5
4076,40.6
6372,36.1
3371,34.6
1230,54.5
906,58.4
775,65.5
1473,59.4
924,61
1711,56.2
1370,67.6
1129,71.2
4437,48.4
1883,52.5
1294,48.2
3404,58.3
1429,67.3
1091,61.6
1267,62
4399,68.2
2672,42
2407,56.6
1983,56.3
1145,64.3
1438,66
16731,42.8
4583,57.3
3415,72.4
3350,60
1836,45.4
2177,67.5
604,66.9
2075,32.5
2002,52.7
1313,56.5
2742,47.9
1970,55.4
1705,65.1
1873,64.4
4067,53.1
1765,62.8
2714,65.6
2383,69.4
1518,59
3160,51.4
361,69.5
787,71.7
761,69
827,66
1483,60.7
847,68
1146,66.4
1446,54.7
1079,27.6
1632,33.1
1484,28.6
3388,37.4
141,52.1
196,49.7
2157,40.7
9487,32.6
785,44.1
167,43.3
828,48.7
6837,38.9
2661,37.1
1755,56.1
1984,56.4
3714,46.6
3385,36.5
1128,48.3
2340,53.2
3211,60.1
1332,49.7
2003,70
2127,38.2
2198,47.7
2043,38.1
1697,48.1
1277,52
2271,40.3
1799,41.3
1438,41.6
2845,38.7
3128,36.6
1299,75.2
1340,67.6
1079,69.9
1359,68.2
3715,40.6
1490,48.9
2362,53.3
2475,38.8
1530,33.4
2393,38.6
2494,41.1
2146,41.5
2986,32.6
2763,48
2641,45.6
1659,41
3926,38.7
2753,39.2
1721,38.1
3716,48
909,60.4
1622,50
1831,67.3
1518,38.7
3021,40.8
2011,39.4
2694,28.6
3806,39
1316,70.2
2786,38.7
1354,63.2
1348,62.5
3309,30
2449,35.2
2058,43.7
1964,38.4
2067,41.4
1682,48.2
5410,40.4
3419,37.4
1755,40.7
4098,32
3609,43.3
1920,40
3495,36.4
2778,35.1
3249,29.2
2382,45.3
2917,33.5
1601,39.1
3189,35.8
4791,44.3
2092,49
2881,40.4
1292,46.1
2935,45.3
1573,37.5
1946,32.4
2380,36.3
2361,36.9
2727,34
3408,37
2144,34.3
2518,34
1890,42.8
2547,46.3
1840,27.6
2813,40.1
3257,44.2
1833,41.3
1047,39.5
1964,36.3
2377,35.3
3481,32.2
1928,34.3
3438,45.9
2723,36.4
2342,40.7
3122,46.5
3113,40.7
1180,39.3
2841,28
3163,26.9
1694,28.3
881,20
2362,26.7
1507,49.4
3232,36.1
4200,45.9
4701,31.9
3191,46.1
3380,34.8
3630,38.6
1692,36.1
1842,37.3
2328,37.4
3371,31.1
3422,42.3
4463,34.7
2142,31
4838,36.7
2621,38.3
2794,37.8
4263,34.3
1740,34.6
2452,40.3
2459,42.6
2039,33.4
1756,29.1
2598,37.9
2256,43.7
1979,50.5
2457,40.9
3639,36.5
3645,36.2
3563,42.3
3228,35.7
1881,40.5
5048,39.7
5385,35.5
3552,40
2105,43.6
3300,43.1
2349,45.2
2022,44.8
2755,40.7
2234,39.1
1988,43.3
2010,45.5
2166,40.9
2490,36.3
2330,40.3
2094,44.8
2351,25.5
1769,35.8
2180,46.8
1378,41.4
2147,45.3
2657,46.9
2895,44.1
2633,39.7
2193,40.9
2065,45.1
2627,45.5
2781,43.8
1116,50.3
2124,52.8
3794,39
1734,42.2
1932,43.9
1817,37.7
3176,36
2232,48.8
1582,42.4
1167,48
2063,42.5
1619,63.4
3275,46.1
1399,62.6
1278,59.8
1071,59.3
3410,38.2
2820,40.6
1771,38.3
2656,48.7
2089,41.6
3236,47.8
3675,37.4
2149,37.9
2163,49.1
2555,36.1
1326,33.4
1015,48.2
3846,43.2
2345,39.7
2971,40.9
1699,29.2
1498,40.9
1956,47.6
2974,37.5
3119,31.5
2353,36.6
8647,40
2667,44
1389,41.4
2599,28.3
4626,30.3
1359,74.3
1148,68.3
1556,71.3
953,58.7
2715,50.4
1828,65.7
7357,45.1
3137,58.7
2970,48
3141,65.3
1889,35.6
3887,30.9
1312,74.9
3311,44.9
2956,53
1917,58.6
1853,62.6
2759,68.9
1496,75.9
1500,54.6
1068,62.1
1015,63.6
1606,69.3
709,74.2
1097,74.3
1388,45.9
1375,66.3
1530,64.1
3100,28.4
3788,25.2
2089,59.6
1668,64.4
2568,50.5
2645,48.1
2057,29.8
1176,60.2
3755,38.1
362,56.9
1848,61.7
7117,37.4
3127,43.9
1594,55.1
4377,30.6
3618,33.2
4465,58.1
1397,66.7
4773,31.9
2436,48
1265,67.8
1824,49.1
3274,47.6
2086,62.4
1835,57.6
3486,58.8
1296,34
1078,44.2
3164,50.4
1613,51.8
2124,46.8
3108,46.4
2533,43.9
2834,41.4
2126,53
3798,45
1701,39.9
2333,45.7
1303,52.4
2285,53.8
1705,27.2
2685,49.4
1565,60.3
1350,63.8
2405,58.8
1700,66
2151,54.3
1275,67.6
1670,46.2
1557,38
3500,59.8
1609,46
1774,59.5
2165,42.9
2401,55.2
792,50.5
3699,53.9
1159,60.3
961,60
2117,57.8
535,55.3
1642,57.5
1494,47.3
1545,63.5
2437,42.4
1882,39.9
2196,44.6
2834,32.7
1630,44.1
2074,47.1
2314,54.9
1023,69.5
1399,53.5
2027,48.4
2510,53.8
1477,52.2
998,46
1806,46.7
1521,56.8
2726,51.7
2176,37.5
1545,32.9
5500,30.9
1229,43.2
3400,38.8
2569,43.2
1139,32.4
1751,38.5
3736,34.3
3766,36.3
1817,52.5
3554,42.9
1625,34.5
3806,51
3244,42.7
3435,29.8
2163,36.8
4475,39.8
1877,39
4340,34.2
1491,38.4
2508,45.2
2281,37.6
1936,51.7
2325,37.9
3499,37
3646,36.2
2064,54.1
7165,29.8
4513,30.3
2871,45.3
3379,38.3
3824,41.6
4810,41.1
1501,32.4
4936,33.5
5109,34.5
2944,31.1
2724,30
4164,37.7
2964,35.6
2970,40
2270,37.1
8392,34
10128,33.9
1928,44.7
5382,32.2
3312,38.4
11817,34.5
4102,36.6
7554,38.5
3964,37.5
3784,40.2
7945,37.5
3075,49.4
1613,33.5
3939,42.4
1248,40.5
1574,39.5
3590,36
3311,22
725,44.2
1813,44.7
2996,32.3
2961,42.6
5734,37.8
3114,43
2236,41
1752,40.7
1527,47.3
1925,36.6
3557,46.7
3533,38.2
3389,34.8
1620,42.5
2322,19.7
546,16.2
1444,43
2962,36.8
2575,55.2
1019,43.8
4217,50
483,58.7
686,61.9
2966,56.3
800,64.4
1504,58.8
3025,48.6
2771,54.2
736,54.4
382,51.3
1792,28.9
2990,31.3
3353,32.5
2947,35.3
2180,36.4
3983,33.8
5219,33.7
3298,40
2483,47.5
1771,56.6
2518,62.1
1681,69
2055,55.3
2552,44.5
1329,51
1704,38.7
1549,45.5
1175,50
5167,40.2
2992,33.8
1857,65.3
4594,38.6
1256,50.9
2703,37.8
3628,45.4
1115,37.1
2235,41.2
1707,37.7
2862,36
3108,41.4
941,33.8
3722,38.2
1474,39
4300,35.7
749,45.1
873,47.4
706,48.2
1654,48.4
2847,56.5
1309,52.7
1330,43.7
3292,38.5
1176,40.9
2298,47.4
1710,53.5
1754,31.4
3109,30.5
3558,22.8
2512,23.1
1665,33.8
1851,31
2355,42.7
7346,36.5
2329,32.1
2976,38.6
2563,40.3
1012,46.4
153,64.4
3186,29.7
1380,33.7
1914,26.1
3431,34.8
2500,41.9
2579,29.9
1438,31.5
1994,43.2
2667,42
6605,36
1279,27.8
3775,37
4167,45.4
2476,36.8
4081,31.5
1179,38
1457,43.8
4323,25.8
1231,36.1
1703,69.3
523,69.4
3385,38.7
2678,46.3
2130,45
2993,35.9
7618,36.9
2834,42.1
7971,40.1
2393,41.3
2432,41.3
2966,45.5
4850,39.3
2561,34.7
6671,36.4
1919,52.1
1919,44
839,42.1
935,50.1
2193,43.4
1450,60.8
1842,43.5
3443,33
1666,44.8
3365,38.2
1342,42.7
1388,41.8
2901,43.6
1653,53.3
2327,57.5
3108,48.7
2459,35.8
2422,32.1
3732,43.2
2170,43.1
2054,45.1
2348,40.3
2296,37.5
3614,38.5
1922,34.2
2151,42.9
2720,41.6
1406,59
1067,61.2
1044,31.3
2445,43.8
2892,40.5
4111,35.6
3376,55.2
3155,45.2
3255,36
2345,40.9
2416,33.8
1623,44.9
4551,42.3
2691,45.5
2830,53.2
4161,51.8
1401,47.7
1898,63.2
3085,45.3
2827,41
2214,35.8
4109,33.4
4275,36.1
3139,32.7
3230,39.6
775,31.2
778,37.4
2503,38.4
2060,39.2
4557,40.3
1621,33
2153,28
1500,31.6
650,36
1651,32.1
2341,41.6
4072,37.3
3998,38.9
2313,39.7
2040,37.8
1519,36
2059,53.3
2547,41.7
3021,37.5
2766,48.2
1904,44.8
3031,50.3
2174,60.2
2932,32.6
3623,47.7
4292,30.8
1267,30.3
1840,60.5
2014,35.6
616,66.1
2078,44.7
3582,40.6
3463,54.1
2244,44.7
1588,35.6
1194,31.8
1827,39.8
1871,37.1
2838,35.9
3201,39.2
2348,47.3
3198,28.5
3588,41.7
5582,36.5
4270,41.3
2449,45.5
2275,43
2922,39.3
2838,46.1
2991,39.5
2623,38.7
2863,37.7
2355,44.5
2906,42.8
2193,45.8
2470,39.2
3755,38.8
1211,34.7
3111,48.9
611,41.6
2371,46.4
2089,41.2
2641,47.5
798,42.8
1016,44.8
1905,43.6
763,34.2
7594,36.9
1968,39.5
2242,47.6
1960,44.8
1273,41.6
3151,35.2
4737,43.6
3000,38.9
656,50.6
1077,35.8
5124,32.7
2855,38.7
2343,38.7
1845,70.1
2160,64.3
2082,38.7
2286,38.1
1897,30.6
629,48.6
2530,33.7
4950,32.4
2546,38.2
869,54.6
2065,49.2
2229,49.4
989,48
1403,54
1538,52
1658,37.2
1188,50
1403,48.1
3059,44.8
2354,51.6
1900,65.9
2019,65.9
2998,62.1
3458,41.1
1312,47.3
3548,39.6
2185,50.1
1923,43
2827,36.9
1536,49.5
1414,36.4
3473,39.7
2078,42.2
1535,42
2459,42.2
2028,37.5
2873,50.5
780,61.8
577,58
1622,53.3
898,54.8
847,58.9
1078,57.6
1676,53.3
19,35.9
3365,56.1
1538,55.6
3601,54.3
854,71.2
1815,61.3
3120,38.7
2145,41.2
4643,35.9
4171,35.8
3368,39
2358,40.8
1843,42.6
1906,43.6
1967,30.8
1835,39.3
723,62.3
2337,34.8
2166,36.6
1421,46
1169,37.2
1580,48.5
6607,34.3
4752,21.7
965,33.3
952,35.9
681,29.6
3852,31.3
1969,32.8
5181,32.9
1302,38.7
2600,53.1
974,54.3
4907,56.2
2286,58
772,49.2
2128,34.8
1591,60.1
1644,54.7
668,71.5
2332,45.3
3368,70
3337,70.1
1189,48.1
3259,48.2
9369,42.5
1450,29.8
3960,45.2
8674,41.9
2812,61
5234,37.1
9479,41.4
11559,34.1
1678,32.5
2245,41.2
2911,28.5
1448,42
1258,58.9
2101,63
451,72.6
820,72.6
921,68.5
784,69.9
3695,40.7
2536,40.1
3312,39.3
1914,48
3134,39.1
1255,61.8
3984,31
746,25.8
4125,41.1
2886,34.2
2883,37.1
2877,37.8
2744,43.9
1837,74.1
2810,38.5
1108,35.3
1625,51.7
1340,36.3
2275,42.7
2482,54.9
1211,50.8
2401,44.8
4077,26.4
4718,33.4
2390,36.4
1847,40.2
2916,50.1
2583,46.4
3516,49.2
2964,45.4
3375,45.8
2153,45.7
2808,46.1
1915,32.3
2233,59.2
2081,33.1
2014,37.5
2060,46.1
1514,43.4
3549,30.6
2576,37.2
1654,54.8
1990,35.3
2135,47.9
2461,58.1
2527,50.9
1599,63.8
2471,49.3
1982,41.2
1373,61
2564,45.4
4150,40.2
3309,44.4
2105,45
2563,44.9
8185,49
2679,43.4
3961,45.6
2720,66.1
2056,38.6
3284,50.4
1438,48.6
1949,35
1854,37.4
2071,35.5
2455,37.2
2035,38.1
2388,36.3
2057,38.2
2297,41.1
3002,30.4
1531,29.8
2557,53
2011,55.2
872,68.7
318,71.4
1954,65.4
2907,59.1
2533,61.5
2857,41.9
3056,56.2
2098,35.4
2769,52.9
2553,48.2
5865,53.5
2721,40.9
4071,53.4
3246,47.2
2092,33.7
3317,39.1
2157,37.6
3898,36.4
1397,55.1
2462,39.2
747,31.6
5648,32.2
4414,42.4
1733,64.8
638,60.7
1693,41.6
1937,58.3
3010,33.5
5879,63.7
1257,56.3
1737,27.7
1759,65.7
2506,40.2
1812,43
1413,51.1
2024,37.6
2171,40.7
1569,43.1
2489,40.9
1714,53.3
1640,44.8
2966,35.7
1829,38.4
1418,38.4
3690,42.2
2594,47.4
2745,33
2966,36.8
555,35.2
2443,33.6
1332,49.1
1455,37
5025,33.7
2748,35.3
1655,52.3
2832,33.3
1034,38.9
1440,30.5
1597,29.6
2419,51.5
6249,36.6
2331,35.9
2268,29
1691,43.5
2778,30.9
1642,28.2
1266,30.1
1451,29.8
2995,34
1922,33.9
4056,42.2
3283,33.8
2433,32.6
1292,46.1
2139,35.7
1906,46.5
2950,41.7
1607,32.6
1886,29.4
2527,30.8
1598,35.7
1513,32
2697,37.8
4186,35.8
3586,36.3
1993,54.6
2019,55.1
2198,38.9
1215,45.8
2354,48.7
2555,39.9
1518,36.6
2192,37
1089,39.7
2270,45.3
2132,43.2
1205,45.4
2721,38.1
1158,43.8
3443,39.3
2975,33
1107,44.9
2012,41.7
2807,41.4
2000,44.6
2491,40.9
1693,41.5
2796,34.4
4182,38.7
4167,34.5
2139,35.5
1427,53.9
1408,55.5
1528,58.9
1568,47.1
1297,64.9
1232,35.8
2510,41.8
1212,43
741,44.3
1303,48.3
2190,28.7
1528,39.8
1777,47.7
1411,46.9
2297,39.5
9028,37.7
4401,36.6
1199,41.3
5471,37.3
16917,38.9
2452,36.5
3324,47.9
4536,37.5
4237,42.8
2839,37.5
2392,36.6
3378,30
1550,55.3
4357,39.7
2658,38.7
1455,27.2
2509,20.4
2325,33.6
3639,51.9
2491,49.5
2762,41.5
2848,54
2778,37.8
3552,30.5
1471,73.2
2243,48.6
1889,31
5219,29.4
2500,39.6
1916,38.3
3336,37.9
2757,47.8
1659,41.2
2839,38.2
3066,29.9
4864,36
3056,45.7
1162,46
3243,41.8
1975,43.7
3764,34.4
2108,50
1600,47.2
1026,75.2
906,71.1
604,75.6
1465,58.6
1775,56.3
3450,42.1
1390,68
574,43.2
4165,29.9
2902,33.1
2989,32.9
1919,44.3
3769,26.5
1240,29
5899,39.6
3082,29
1017,31.5
1778,42.6
1033,20.9
7806,29.7
1567,36.3
5016,33.6
4624,33.3
1732,62.4
2672,37
7739,39.2
1467,31
905,60.7
3506,44.5
5738,35.4
3823,40.6
7221,48.4
3753,38.2
4238,40.5
1588,41.2
1728,43.8
3100,36.7
1894,56.5
2499,47.1
626,70.3
3458,48.1
1142,63.9
1943,44
949,32.5
3597,42.8
1845,39.6
2193,45.9
1042,58.6
2586,68.8
1650,45.4
826,41.3
2941,44.1
2225,37.9
2482,39.3
1770,39.4
994,52.9
1211,65.7
1645,45.9
714,52.6
1408,49.3
1130,28.2
3726,36.7
1978,45.5
2015,43.5
2681,34.8
1793,35.8
3074,42.1
2880,35.2
3695,42.8
1008,44.1
1377,51.5
1215,35.5
1478,27.9
8792,39.4
1915,44.4
1120,40.1
4914,35.1
4128,39.1
3427,45.2
1931,43.2
2168,39.4
1480,31.2
1309,37.3
3061,41.1
3464,39.1
2308,68.4
2537,39.5
2120,41.5
5261,34.1
2143,44.4
2462,40.3
2168,43.5
5930,42.1
1694,43.4
5898,40.9
4251,44.3
2590,46.8
4802,35.8
1597,43.6
2093,53
1437,32.2
2407,36.9
1559,43.2
3273,36.9
2002,34
1272,41.3
1421,35.6
5415,37
2250,44.1
4492,38.7
1696,32.4
3373,35
1676,36
646,42.1
2372,22.3
773,30.3
2154,27.3
2288,54.4
1539,60.3
1925,57.6
1305,64.9
1580,44.1
3051,36.5
538,54.7
2097,35.8
5220,29.4
861,39.5
3071,45.7
2431,38.3
1655,38.1
2519,38.7
899,45.5
2893,39.6
2402,46.2
2507,45.1
940,47.8
992,51.6
3535,32.4
753,50.8
1998,52.4
777,62.8
2722,49.3
1078,55.5
1798,29.9
1622,38.9
3530,44.5
2171,43.6
1505,57.1
5495,59.5
1576,32.8
2381,30.5
3275,35.2
3288,38.8
1908,44.9
4470,29.1
2217,34
856,51.7
4111,37.2
1848,48.5
1635,40
2193,39.3
1277,48.9
3250,45.5
1234,39.6
3285,39.3
1281,49
1172,36.2
2092,29.3
4368,35.6
1128,37.6
3543,32
1661,33
2570,41.7
978,34
3380,35.8
1130,34.9
2074,38.2
3544,52.2
5277,37.6
3492,40
3590,47.1
2662,35.7
1941,46.2
2494,45.1
2043,66.1
3817,48.4
2090,62.4
3827,36.5
1713,51.7
921,62.6
4659,40.8
3792,31.9
3536,49.8
2568,51.4
2312,38.6
614,39.1
3659,32.3
5094,30.9
1327,32
4178,33
5245,35.8
2860,30.1
4723,35.7
6413,37
3769,36.8
1018,46.6
3703,37.6
2189,34
2351,37.3
1047,39.3
1248,45.9
1947,57.4
2389,53.7
2808,59.4
3438,45.1
2944,60.9
2512,43.6
4726,46.8
3927,40.5
3753,39.9
3739,38.5
3124,46.5
3114,37.5
2791,45.8
1750,56.7
1396,36.8
1833,73.4
2151,73.2
2934,56.6
2831,47.9
1631,54.3
2050,46.8
1780,46
3285,43
1820,51.2
1374,49.3
1532,51.7
3446,43.6
2784,34.4
1263,49.7
1868,62.2
1214,39.9
2097,61
2386,53.9
604,50
1398,62.7
2146,56.5
529,65.6
2213,57.9
750,50
3222,47.7
1432,44
1765,52
1728,56
1517,48.3
3535,39.9
1983,37.8
1427,45.1
1595,33.4
2081,36.9
2816,31.5
3951,36.8
3092,35.2
2943,60.1
1698,62.7
3284,37.1
1280,50.6
1463,68.3
1460,57
1539,56.4
726,74.1
1899,49.3
1384,65.2
2225,47.4
1116,44.2
813,68
1656,72
568,71
2338,58.8
2908,47.7
2237,40.6
3154,36
1901,40.5
3415,39
2386,36.2
3334,37.5
1339,40.3
4212,40.1
1541,39.7
3584,34.7
2482,34.7
3547,41.1
3476,40.4
2525,41.8
2573,42.9
1987,37.7
3727,39.4
1612,45.8
3242,39.8
1233,41.5
1737,50.1
1736,35.7
1136,48.1
1496,47.1
1863,52.3
1961,47.1
2634,43.7
3405,40.9
3123,43.7
2331,44.2
1376,38.6
2648,32.6
1368,39.3
2739,42
2709,44.7
2028,45.7
1516,42.9
1179,48.4
2682,53.9
2652,48.3
2902,38
2037,39.4
2421,48.6
2874,46.1
2079,47.9
2431,59.3
2469,40
3371,46.8
1147,62.4
2459,48.2
1510,49.6
2772,52.5
2411,45.2
1697,61
2886,42.1
2164,46.2
2009,38
3451,25.3
1844,45.2
2288,39.5
2833,49.1
2211,45.6
2651,35.3
1485,39.6
1801,39.5
1241,40.4
3380,42.8
4376,43.6
3528,36.6
3460,45.4
2482,37.1
2543,34.3
2406,43.7
3171,39.9
1772,39.7
1767,47.1
6810,32.6
2224,31.5
1546,41.1
1684,33.7
2584,35.5
1375,52.9
2322,64.4
3341,68.3
1010,64.4
1323,45.7
5369,49.7
1758,63
3157,47.7
2539,36.9
1523,35.2
1975,57.1
2012,40.6
5793,35.6
3334,45.8
3156,41.7
2968,50.3
2300,56.4
892,27.5
1759,51.1
2026,51.9
3856,44.1
2510,47.5
4374,35.3
2192,57
1799,38.1
3370,42.8
1892,53.3
2370,53.8
3508,51.6
1130,45.1
1339,52.3
1955,42.7
4131,51
1462,45.1
1370,65
2606,37.1
1916,43.6
2395,41.3
2453,36.2
2057,70.5
2275,37.7
1834,64.9
3417,34.7
2910,42.7
2650,37.5
1529,45.3
2014,38.6
1973,37.3
2003,35.9
1170,45.9
1519,37.1
1548,26.8
1613,39.6
852,48.7
1529,47.8
1011,58.9
1170,65.1
3105,37.5
839,65.1
1511,67.5
1652,59.9
2170,50.5
1124,59.2
822,70.8
1258,52
1297,47.7
2066,50
949,55.3
1179,49.2
1433,43.9
1288,65.6
1200,63.5
1034,40.4
1932,53.3
1370,41.2
2389,39.7
1926,38.4
2811,42.3
738,42.4
2245,38.4
1763,39.8
2134,39.2
1302,39.3
1103,58
1829,37.5
1178,44.5
1970,45
1734,37.1
1497,40.4
2277,45.7
4434,38.3
2606,40.9
2927,43.5
1839,41.7
2537,47.8
2592,47.2
1674,37.6
1454,44.7
5028,44
1798,43.1
1145,43.8
630,61.8
1287,31.2
1396,62.3
1126,47.7
3024,44
1188,61.6
2618,35.7
3081,46.6
1649,47.9
1597,37.3
2413,55.5
11476,41
1760,53.5
2745,56
8363,31.3
747,50.2
2288,26.3
2172,36.4
1935,37.4
2387,37.1
2964,35.7
3937,35.5
2927,47.2
3123,29.1
2625,30.4
3633,39.8
1263,38.6
2441,45.5
2371,45.9
1570,39.5
2641,39
2894,35
1470,23.6
1657,34.3
2207,37.3
4243,38.5
3092,38.2
3014,47.4
2858,49.9
800,36.3
2404,60.3
1457,49.7
2134,38.6
2164,38.9
2821,45.1
1572,57
1755,34.1
1488,55.1
1817,46.1
2910,50.5
2742,37.6
1324,55.7
2956,39.7
2218,47.9
754,35.3
2423,50.7
2548,46.1
2405,45.3
2786,40.4
2228,40
2237,44.1
1510,48.5
2385,44.2
1023,59.8
656,61.4
2052,37.3
1281,51.2
6286,71.8
2125,37.4
2082,38.1
1275,33.5
4086,37.9
2484,56
1008,82.8
980,70.4
2815,54.8
3237,35.8
1885,30.3
2709,34.6
1271,41.2
1943,51.8
1458,31.3
1621,55.8
2274,43.8
1997,48.8
932,55.3
2563,36
3259,35
1854,39.4
3416,31.2
2220,40.9
3106,40.5
2532,33.7
3167,48
3804,39.9
1421,40.3
3575,48.8
1553,36.8
1483,58.4
839,30
2222,44.6
1768,34.3
3074,40.1
1438,48.8
3294,34.7
3839,43.7
436,49
1828,43.4
3027,52.2
2543,53.6
3191,62.2
2853,38.3
5370,33.8
1777,41.5
6376,43.1
2788,55.2
2853,59.8
3815,45.5
2571,31.5
6417,47.9
1111,48.9
938,64.4
2154,49
5718,48.6
1567,53
14111,37.9
2644,58.7
787,60.4
4341,38.5
1511,43.3
2055,37.5
1269,49.6
1364,44.1
2440,47.7
2055,49.1
3928,30.8
3959,34.7
1840,35.6
1936,41.8
1586,40.1
3312,32.4
2221,35.7
1820,36.8
4806,28.5
4602,44
4087,30.1
2096,35.2
2092,27.8
2199,45.6
2236,34.4
2278,36.4
1348,58
2656,61.2
2452,30.6
1070,39.5
963,36.1
2523,34.4
1721,39.8
4249,20.5
1099,41.5
2300,40.8
1335,34.9
2835,42.8
1704,37.9
1565,68.3
1609,35.2
1790,68.8
1006,38
762,53.3
2737,33.6
1513,44.1
3170,39.9
1615,34.6
993,45.1
3298,37.2
3635,42.9
2517,43.2
1994,25.9
991,34.6
1380,25.5
1953,25.9
630,33.9
640,25.4
2044,22.7
1323,53.3
6687,28.8
419,42.3
3295,47.4
1157,52.9
3047,33.1
2568,33.1
2757,38.7
3394,41.3
1501,37.5
2420,38.2
1759,36.8
2002,39.7
1450,34.3
1751,42.5
2058,40.7
2404,43.4
3295,34.4
2641,44.1
1601,35.8
2690,39.1
2909,43.9
4164,39.7
3322,42.7
4285,34
2009,32
2643,38.2
1327,40.9
1549,36.8
1652,39.4
1964,55.1
2048,41.6
1400,48.6
1825,39.4
3741,54.3
4391,32.9
3380,38.7
3818,46.6
3112,32.8
1356,49
2681,35.4
3386,35.7
1737,45.1
4060,41.8
2618,39.2
1924,49.2
488,68.5
3845,64.3
1542,50.9
2847,65.6
3177,47
2031,54.9
1153,71.8
2062,54.2
1283,56.7
4089,42.8
905,68
1811,47.3
1731,60.8
2221,60
609,49
3620,31.1
2552,40.3
3071,55.1
1437,51.1
435,54.3
1840,50.6
706,56.4
2275,44
1990,52
1620,30.7
1199,49.4
1087,59.5
1912,53.9
1375,44.9
1839,40.6
1756,62.7
1187,50
2233,40.8
2904,40
2138,44.6
1698,31.7
3888,36.6
2787,40.1
1298,37.7
1259,46.8
2229,33.8
2965,35.7
3053,32.2
3756,38.9
2508,55.3
3819,31.5
1542,47.4
2264,59.2
1117,46.7
3007,43.6
1106,68.6
1724,54.6
3489,65.9
2980,63.3
968,68.7
624,71.1
1883,60.2
1413,64.1
2966,67.7
1437,69.6
2600,40.5
4244,42.7
1226,68.7
1058,74.8
3020,38.3
3093,41.1
1888,34.8
5248,38.4
3383,43.9
1833,40.6
3475,32.4
2244,27.6
4678,35.2
4362,43.1
3167,43.1
2178,39.4
1712,45.1
3146,39.3
1347,30.7
562,46.9
1390,31.3
2758,30.6
2411,42.8
2417,32.1
3233,32.2
2255,30
2743,40.5
1901,36.7
3196,31.2
3306,32.9
2715,28.7
2155,21.7
3709,41.2
1577,32.6
2217,21.7
2461,38.9
9304,42.8
2553,32
1541,48.8
1842,36.5
1216,44
2645,52.8
2681,50.8
2226,32.3
2076,32.5
3143,22.3
1965,21.3
2821,22.1
1904,22.8
3957,22.2
3063,32.8
1640,41.5
980,36.9
2331,35.6
733,44.3
1078,35
4377,39
1356,44.5
2180,43.6
1916,42.9
1406,53.1
3886,43.5
1046,49.3
5070,43.3
4257,41.2
1234,43.1
1845,32.3
798,39.6
1808,36.8
2975,30.3
8517,51.1
2946,36
1659,38.6
1410,30.4
1368,40.7
2301,43.1
1492,50.2
4382,50.4
2117,42.1
1251,50
3101,49.9
2034,50.6
2091,58.5
700,35.6
408,27.7
1101,37.2
3198,44.9
3072,40.9
2552,41.6
2756,28.5
2978,28.2
2116,19.3
1610,50.7
2584,29.2
1368,42.9
3917,45.7
849,35
2974,41.3
1919,47.6
3489,33.5
2331,42.7
2634,45.6
4161,37.8
3646,39.3
1223,22.1
1203,41.6
2752,39.5
3013,41.5
2706,40.4
3039,31.9
3158,32.9
3071,37.7
3215,41.1
2596,39.4
2613,39.3
1944,41.3
1505,58.1
1517,63.2
1052,56.5
714,67.1
1422,68.2
2236,48.7
904,35.1
755,52.6
1776,23.4
973,42.9
2097,43
1940,45.6
1703,34.3
1621,35
665,31.9
3382,30.5
3157,41.8
2155,41.3
1496,55.8
896,40.5
3856,39
3080,44.3
2478,45.2
1829,52
2091,36.6
995,62.7
1366,40.4
826,40.9
1520,42.9
1178,39.8
1155,35.7
3229,38.9
1602,36.9
2034,42.9
2468,31.2
3974,37.6
1607,35.3
3185,41.5
2863,37.8
4261,39.3
1960,30.7
5860,33.3
2978,29.5
1896,39.6
1845,50.4
3165,38.6
6496,33.1
5856,34
2747,21.9
2262,36.2
2491,43.8
2476,28
2857,33.5
2314,40.8
1592,30.6
679,38.3
2193,36.1
1360,35.3
1184,38.2
748,45.5
865,36.1
1976,37.8
1650,46.6
4938,37.8
2682,45.7
3563,34.1
4717,30.8
3574,40.7
3744,34.4
2306,39.8
4056,44.6
2274,44.7
2628,44.3
3383,44.7
5316,47.1
1875,43.6
1283,44.9
3664,36.7
3708,41
3116,33
1060,49.7
2037,45.9
1039,41.5
999,24.1
2747,24.6
1524,23.5
1255,23.8
2072,23.8
1035,26
1896,67.6
597,59.9
671,51
3124,48.3
7,67.3
13,78.2
2883,32.1
2045,41.5
1173,60.4
957,69.3
760,58.4
926,60.1
503,63
1306,59
848,62.5
1437,58.5
750,62.8
715,33.7
1580,36.3
1069,34.3
2003,35.5
878,33.6
1181,37.9
880,32.7
1337,51.6
2758,43.4
885,49.9
1854,45.9
953,53.1
1091,52.7
1119,44.4
1646,43.7
2714,35.9
1301,37.8
1204,43.7
780,53.9
1305,39.7
1555,42.3
1602,40.4
2041,43.2
1150,45.3
1209,49.9
1068,23.1
2010,45.4
1918,43.4
917,43.3
3862,39
4595,33.2
1064,59.3
2770,31.9
1592,38.5
4313,32.4
4337,33.8
2743,23.2
3276,30.2
1251,38.1
2581,40.3
4005,45.6
1954,37.4
3863,38.9
1792,36.1
3109,43.7
1356,49.4
1017,52
3258,40
1714,36.9
1570,49.2
2926,39.7
5339,38.5
3273,44.1
2798,19.1
4583,40.4
1256,45.4
3540,42.7
1718,42.5
3237,44.1
1224,34.8
1529,50.1
7957,41
2914,43
4657,37.6
4166,37.2
2573,39.2